job_id,company_name,title,description,max_salary,pay_period,location,company_id,views,med_salary,min_salary,formatted_work_type,applies,original_listed_time,remote_allowed,job_posting_url,application_url,application_type,expiry,closed_time,formatted_experience_level,skills_desc,listed_time,posting_domain,sponsored,work_type,currency,compensation_type,normalized_salary,zip_code,fips,predicted_job_level,proba_Associate,proba_Director,proba_Entry level,proba_Executive,proba_Internship,proba_Mid-Senior level
3905367422,Marina Sirras & Associates LLC,Trademark Attorney,"Junior Trademark Associate Our client is a top firm, seeking a junior level trademark associate for its internationally recognized trademark practice in New York, Washington, DC, Silicon Valley, and San Francisco. The salary for this position is between $225,000 to $260,000. Qualifications1-3 years of trademark experience, including prosecution, counseling, domestic and international enforcement.Excellent writing, verbal communication, analytical, and interpersonal skills.Strong academic credentials.State bar admission in jurisdiction of practice is required. All candidates must be authorized to work in the U.S.",260000.0,YEARLY,"New York, NY",145675.0,6.0,,225000.0,Full-time,,1713493501000.0,0,https://www.linkedin.com/jobs/view/3905367422/?trk=jobs_biz_prem_srch,,ComplexOnsiteApply,1716085500000.0,,Associate,,1713493501000.0,,0,FULL_TIME,USD,BASE_SALARY,242500.0,10001.0,36061.0,Associate,0.9936187116684431,0.00038777520035427227,0.000828627492423579,0.0001955343047267399,9.395530893036598e-07,0.004968411780963132
3887888322,PepsiCo,Delivery Driver / CDL A required / Seasonal,"PBNA $25.75 / hour CLICK HERE to view our Driver Job Preview Video Position delivers products to stores on an established route or via dynamic dispatch to customers including convenience and gas stores, small supermarkets, drug stores, etc. (average of 15-20 stops per day). Drives the delivery vehicle to a location, unloads and brings products into the store. Is responsible for ongoing rotating and stocking of products on store shelves, displays, vending equipment, and in coolers. Builds displays and sets up promotional materials such as pricing signs and banners. Generates invoices and is responsible for daily settlement of cash and charges. Has frequent interaction with store management. This position is labor intensive, requiring lifting, loading and pushing/pulling a significantly high volume of cases per day ranging from 20-45 pounds per case repeatedly during work hours. It also requires reaching, squatting, and bending while delivering and merchandising products in the store and delivering products across a wide variety of weather conditions. At times (such as summer and other peak seasons), this position requires long work hours. PRIMARY ACCOUNTABILITIES: Deliver products, serve customers, and execute all promotions to multiple stores each dayOperate trucks requiring an appropriate CDL license (e.g., performing basic functions like driving forwards, driving backwards, or maneuvering in tight spaces, etc.)Service all scheduled customers by the end of the daily shiftMerchandise and rotate all accounts to local standards (e.g., filling shelves, building displays, making products look attractive on shelves, rotating products, cleaning shelves, refilling out of stocks, removing out of date products, removing/returning shells, etc.)Push and pull pallet jacks, hand trucks and breakdowns to move products to and from truckEstablish positive working relationships with primary contact at each accountComply with operating procedures (e.g., scan-in/scan-out, following designated route, etc.)Serve customers (e.g., communication, rapport building, attentiveness to customer needs, etc.)Follow DOT regulationsRegular, reliable, predictable attendance BASIC QUALIFICATIONS: 21 years or olderPass the required drug test and physical capabilities test (if applicable)Valid CDL licensePass DOT physical and DOT Road TestFollow DOT Regulations HELPFUL EXPERIENCE: Operating trucks requiring a CDL license (e.g., performing basic functions like driving forwards, driving backwards, maneuvering in tight spaces, backing into dock spaces, etc.)Delivering products directly to stores (e.g., order-entry, sale/distribution of products directly to store rather than 3rd party, working as part of an account team, etc.).Merchandising products (e.g., filling shelves, building displays, making products look attractive on shelves, rotating product, cleaning shelves, replacing out of stocks, removing out of date products, etc.)Operating handheld computers (e.g., inputting data, entering transactions, printing, etc.)Operating equipment (e.g., pallet jacks, hand trucks, breakdowns, etc.)Working in a warehouse environment (e.g., product storage, product staging, forklifts, etc. Our Company will consider for employment qualified applicants with criminal histories in a manner consistent with the requirements of the Fair Credit Reporting Act, and all other applicable laws, including but not limited to, San Francisco Police Code Sections 4901-4919, commonly referred to as the San Francisco Fair Chance Ordinance; and Chapter XVII, Article 9 of the Los Angeles Municipal Code, commonly referred to as the Fair Chance Initiative for Hiring Ordinance. > All qualified applicants will receive consideration for employment without regard to race, color, religion, sex, sexual orientation, gender identity, national origin, protected veteran status, or disability status. PepsiCo is an Equal Opportunity Employer: Female / Minority / Disability / Protected Veteran / Sexual Orientation / Gender Identity If you'd like more information about your EEO rights as an applicant under the law, please download the available EEO is the Law & EEO is the Law Supplement documents. View PepsiCo EEO Policy. Please view our Pay Transparency Statement",,HOURLY,"Alexandria, LA",1431.0,7.0,25.75,,Full-time,,1712373567000.0,0,https://www.linkedin.com/jobs/view/3887888322/?trk=jobs_biz_prem_srch,https://www.pepsicojobs.com/jobs/5001032879606?lang=en-us&iisn=linkedin,OffsiteApply,1714966368000.0,,,,1712374368000.0,www.pepsicojobs.com,0,FULL_TIME,USD,BASE_SALARY,53560.0,71301.0,22079.0,Entry level,0.007395391685338195,3.020216179414941e-06,0.9899226768480459,7.0709535042064775e-06,0.002267174959518859,0.0004046653374134866
3905243094,The Armstrong Company,Senior Recruiter,"Hit a glass ceiling in your earning potential as an internal recruiter? Lacking the desired security and stability as an external recruiter? Aspiring for creative freedom and deep organizational impact? Feeling pigeonholed in your day-to-day responsibilities? If this sounds like you, then you sound like us! Break through your financial glass ceiling with a competitive, incentive-based pay structure.Build a strategic, internal recruitment process, leaving your fingerprints across the entire business.Make a profound organizational impact and add value across the enterprise as our first-ever internal recruiter.Join a global logistics leader who offers 67 consecutive years of profitability and an average tenure of 8 years. If you’re ready to cut through the corporate red tape and maximize your full potential, apply today to be our Senior Enterprise Recruiter at The Armstrong Company. POSITION SUMMARY: The Senior Enterprise Recruiter will lead and manage all talent acquisition initiatives for The Armstrong Company, which includes 32 operating companies across 22 states. The Senior Enterprise Recruiter will develop and implement effective recruiting strategies to attract a diverse pool of talent and will deliver full-cycle recruitment across the organization. Top candidates will have a quantifiable track record of success as a full-cycle internal and/or external recruiter. KEY RESPONSIBILITIES: Partner with Hiring Managers and conduct detailed intake meetings to understand job requirements.Create and maintain consistent and comprehensive job descriptions.Develop creative and effective job advertisements and job postings.Build talent pipelines and utilize strategic sourcing methods to identify and attract top talent.Identify candidates through online and offline recruitment channels and passive and active sourcing methods.Conduct thorough candidate screenings, interviews, and assessments. Assist with scheduling interviews as needed.Create interview guides and provide Hiring Managers with effective interviewing tactics.Assist with compensation structure and cost of living analysis.Create, present, and negotiate job offers and employment agreements.Initiate background checks, drug screens, and reference checks.Oversee and process the electronic new hire onboarding process.Manage and maintain the company’s Applicant Tracking System (ATS).Present comprehensive recruitment reporting and metrics such as source-of-hire, cost-to-hire, and time-to-hire.Maintain compliance with federal, state, and local employment laws and regulations.Other duties as assigned by the VP of HR. MINIMUM QUALIFICATIONS & SKILLS: Bachelor’s Degree in Human Resources or related field, or equivalent work experience, required.5+ years of internal and/or external full-cycle recruiting experience. Multi-site experience preferred.Prior experience with HRIS and ATS (UKG / UltiPro preferred).Familiar with various interview techniques such as behavioral, situational, and competency-based questioning.Base understanding of multi-state labor laws, compliance, and employment regulations.Must be customer-focused with exceptional organizational and multitasking skills.Excellent communication (written and verbal), interpersonal, and negotiation skills.High business acumen with strong problem-solving and critical-thinking skills.Must possess strong computer skills (Microsoft Office, ATS, HRIS)Prior recruitment experience in the transportation industry is a plus.",,,Memphis Metropolitan Area,22675.0,4.0,,,Full-time,,1713464375000.0,0,https://www.linkedin.com/jobs/view/3905243094/?trk=jobs_biz_prem_srch,https://recruiting2.ultipro.com/ARM1007ARCL/JobBoard/d9af2e13-d684-4470-9476-a2659f017437/Opportunity/OpportunityDetail?opportunityId=2422d7c1-6ebc-4b5f-9de0-28947fc63c5b&sourceId=c8c7a81d-6450-4751-aea3-df24d8df7264&utm_source=LINKEDIN,OffsiteApply,1716056375000.0,,,,1713464375000.0,,0,FULL_TIME,,,,,,Mid-Senior level,0.44514072106464475,0.00044088226518665787,0.00015123472076918585,3.335311699736845e-05,1.9599831136152228e-05,0.5542142090012658
3905323971,Allied OneSource,Order Fulfillment Coordinator,"Are you ready to be a crucial part of our dynamic team? We are seeking a talented individual to fill the role of Order Fulfillment Coordinator. If you're passionate about providing top-notch customer service and thrive in a fast-paced environment, then this is the perfect opportunity for you! Duties Prepare and process daily incoming and outgoing orders with precision and speed to meet customer expectations. Obtain, verify accuracy, and process multiple daily product orders, ensuring that inventory levels are maintained and updated accordingly. Organize, kit, and deploy products to end-users, ensuring timely delivery and customer satisfaction. Maintain accurate data for daily reporting, including order tracking, inventory management, and project updates for management review. Communicate promptly and effectively with customers, addressing any order issues or inquiries with professionalism and a solutions-oriented approach. Update, manage, and track inventory for responsible projects, ensuring adequate stock levels and timely replenishment. Process returned products for inventory or recycling, adhering to established procedures and guidelines. Required Competencies & Skills: Strong attention to detail when performing repetitive tasks, ensuring accuracy and thoroughness in daily activities. Responsibilities to multitask effectively in a fast-paced environment, managing multiple priorities and tasks simultaneously. Responsibilities to maintain a professional demeanor when dealing with difficult or emotional situations, ensuring excellent customer service at all times. Strong communication skills with the ability to respond promptly and effectively to customers and internal staff across multiple platforms. Responsibilities to plan, prioritize, and manage work time efficiently, ensuring consistency and dependability in attendance and punctuality. Responsibilities to react well under pressure, self-monitor work quality, and resolve issues effectively, even in a fast-paced environment. Strong computer skills with knowledge of operating systems, Microsoft Office, and Mobile Device Management (MDM) systems. Hourly: $18 - 20/hr AW",,,"Jacksonville, FL",79098.0,4.0,,,Contract,,1713478388000.0,0,https://www.linkedin.com/jobs/view/3905323971/?trk=jobs_biz_prem_srch,https://www.alliedonesource.com/job-details/order-fulfillment-coordinator-in-other-jobs-886666,OffsiteApply,1716071147000.0,,Entry level,,1713479147000.0,www.alliedonesource.com,0,CONTRACT,,,,32099.0,12031.0,Entry level,0.0001133830403847691,5.827359882713895e-07,0.9973828943744976,1.51471883076496e-08,1.4745225072473845e-09,0.0025031232274184525
3903830212,Carbon Health,Medical Assistant Urgent Care Per Diem,"As a physician-founded and led organization, ensuring everyone has access to quality healthcare is what inspires us. That’s why we hire people who genuinely care about patients, solving healthcare challenges, and making a positive impact every day. Join us and help change the future of healthcare for the better. 120+ locations and growing, along with vast virtual coverage 1 million+ patients to-date 2,000+ caring clinicians and support staff serving their communities Backed by investors such as CVS Health Ventures and Blackstone Horizon $20 - $25 an hour Perks Forward-thinking, transparent, and inclusive company culture Competitive salary, with weekend and holiday increased pay Paid time off, paid sick leave, learning time off Comprehensive benefits package effective day one, including medical, dental & vision insurance 401k with employer match and pre-tax commuter benefits (transit and parking) Paid Sabbaticals at eligible time of service milestone years FSA, HSA, and dependent care options Employee referral bonus program, employee resource groups, and professional development Company provided high quality scrubsAll benefits dependent on role and eligibility All candidate email communication will be done through an @carbonhealth.com email address. If you ever receive communication regarding a job posting from an entity that does not match that or seems concerning, please contact people@carbonhealth.com . Carbon Health is a leading national healthcare provider with a mission to make high-quality healthcare accessible to everyone. We offer primary and urgent care to nearly two-thirds of the U.S. Leveraging our unique technology platform, we meet patients where they are by delivering care across a variety of access points, including in-person clinics and virtual care. Carbon Health also focuses on value-based care and other value-add services to employers, health plans, health systems and other ecosystem partners. We recognize that the key to success lies in valuing the minds, experiences and perspectives of people from all walks of life. Carbon Health is proud to value diversity and be an equal opportunity employer. Pursuant to the San Francisco Fair Chance Ordinance and the Los Angeles Fair Chance Initiative for Hiring, we will consider for employment qualified applicants with arrest and conviction records. Carbon Health is an E-Verify employer.",25.0,HOURLY,"Beverly, MA",7943612.0,2.0,,20.0,Full-time,,1713475328000.0,0,https://www.linkedin.com/jobs/view/3903830212/?trk=jobs_biz_prem_srch,https://jobs.lever.co/carbonhealth/1b3a6d01-805e-4045-aace-86505de1c273/apply,OffsiteApply,1716068069000.0,,Entry level,,1713476069000.0,jobs.lever.co,0,FULL_TIME,USD,BASE_SALARY,46800.0,1915.0,25009.0,Entry level,8.491555918540785e-05,0.0004256452642298767,0.9173504552381422,2.372064505373298e-06,4.8882000972659276e-06,0.08213172367383992
3904432475,RUSH University Medical Center,Endoscopy Technician,"Location: Chicago, IL Hospital: RUSH University Medical Center Department: Endoscopy Work Type: Full Time (Total FTE between 0.9 and 1.0) Shift: Shift 1 Work Schedule: 10 Hr (7:00:00 AM - 5:30:00 PM) Summary The Endoscopy Technician works under the direction of a physician, department leadership, and/or registered nurse. Provides support to the Endoscopy department before, during and after procedures. This role is responsible for performing the duties of disinfecting endoscopic equipment, assisting physicians with the technical components of diagnostic and therapeutic endoscopic procedures as assigned and in a proficient manner. In addition, this role exemplifies the Rush mission, vision and ICARE values and acts in accordance with Rush policies and procedures. Responsibilities Assists clinical team with endoscopic procedures that includes pre-procedure set-up (including documentation within Provation and scope tracking software programs), assistance intra-procedure with specimen collection and treatments (including obtaining tissue specimens, polypectomies, and dilatations), and post-procedure processes with management of equipment and supplies. Demonstrates proficiency in the use of unit specific equipment and supplies that includes preparing and maintaining endoscopic equipment during procedures (i.e., electro-cautery, heating probes, endoscopic light source). Demonstrates accurate cleaning and disinfecting procedures for all endoscopes and accessory equipment that adheres to Infection Control Guidelines and equipment manufacturer instructions for use. Efficiently reports equipment malfunctions to either charge nurse or unit leadership and ensures the scope tracking process is maintained within the scope tracking program (SPM). Reports to Charge RN or designee for assignment of duties and sets priority of duties based on needs of patient and unit, under the direction of the RN. Keeps procedure rooms orderly and independently organizes and restocks according to unit specifications. Demonstrates effective communication skills to foster teamwork within the work environment that ultimately supports the mission and values of Rush. Demonstrates knowledge of age appropriate care when caring for patients and treats patients, visitors, and staff in a caring manner with respect and dignity. Transports laboratory specimens, blood products, and patient belongings as required and assists with the admission, discharge, and transport of patients. Performs routine specimen collections (blood glucose, urine, etc). Other Information High school diploma or equivalent. Prior clinical training. This may include CMS, CNA, PCT, EMT, corpsman, and paramedic training. Successful completion of the institutional screening examination. Current Basic Life Support (BLS) certification. Basic knowledge of GI anatomy and aseptic techniques. Problem solving skills. Excellent communication and customer service skills. Basic computer skills. Physical Demands Ability to walk throughout the Medical Center and to be standing or walking most of the designated shift. Lifting or carrying objects 35-40 lbs. and supporting and positioning patients, some of whom may exceed 300 lbs. Work conditions include performing procedures where carelessness could result in injury or illness and contact with potentially infectious materials and/or strong chemical agents. The ability to check documents for errors, use a keyboard to enter and retrieve data, and closely examine specimen, images or reports is required. Rush is an equal opportunity employer. We evaluate qualified applicants without regard to race, color, religion, sex, sexual orientation, gender identity, national origin, disability, veteran status, and other legally protected characteristics.",,,"Chicago, IL",7488.0,7.0,,,Full-time,,1713312000000.0,0,https://www.linkedin.com/jobs/view/3904432475/?trk=jobs_biz_prem_srch,https://rushprod-lm01.cloud.infor.com:1444/lmghr/CandidateSelfService/lm?dataarea=lmgh&context.session.key.JobBoard=RUSHEXTERNAL&context.session.key.HROrganization=10&context.session.key.noheader=true&JobPost=2&JobReq=3409,OffsiteApply,1716001548000.0,,Entry level,,1713409548000.0,rushprod-lm01.cloud.infor.com,0,FULL_TIME,,,,60601.0,17031.0,Entry level,0.00013701686881484383,2.6785350125375695e-05,0.96831625186519,0.005558895755872781,0.0048847216844202694,0.02107632847557687
3901639780,bp,OT and DCS Team Lead,"Entity: Production & Operations Job Family Group: Engineering Group Job Description: Located at bp's Whiting Refinery in Whiting, Indiana, the OT and DCS team is a highly skilled team of engineers, cyber and systems specialists who are a part of a larger process control team. The OT and DCS Team Lead is accountable to maintain and advance the integrity of distributed control, PLC, safety and operator training systems, which require the ability to work with similar subject matter experts within the central teams as well as other operating assets across the globe. The Team Lead is the single point of accountability for process control digital security for the refinery and is responsible to ensure the site is meeting bp and industry standards. While this role supports bp’s flagship refinery and automation group, this role’s leadership extends beyond the automation group and can influence culture and initiatives broadly throughout bp globally. Whiting Refinery is a 24/7, 365 operating facility. While the work schedule is a standard 40-hour Monday to Friday work week, there is also an expectation to be on call or work extended hours throughout peak maintenance or abnormal operating situations. When able, flexible working, back-fill and fatigue management policies are used to compensate for these challenges. Key Accountabilities First and foremost this role leads the OT and DCS team that supports day to day operation of and project implementation for control system infrastructure, safety system network, system optimization, cyber security, and operator training systems.Site accountable person for third party resources that support these same activities.Prioritize competing objectives for the team, particularly where capital projects and turnaround maintenance planning teams are key partners.Work with central team to build and maintain highly successful operator training simulator systems which enable deep hands-on experience for operators.Develop and implement life-cycle plan for control system hardware, control system network equipment, and supporting hardware.Build and foster positive relationships with multiple DCS vendors where delivering highly effective preventative maintenance strategies are a crucial enabler to keeping process assets running at full capacity.Manage maintenance budget.Foster an effective, collaborative, and psychologically safe work environment between process control, operations, and technical teams.Ensure strong design, documentation, and proof of concept for basic process control, training simulator and process computing systems.Act as site authority and actively participate in global refining networks designed to share the best methodologies for meeting internal and industry standards.Assess capabilities and maintain relationships with critical vendors and contractors. Requirements B.S. Degree in technical field such as Engineering or other science related field.10+ years in a highly regulated industry such as oil and gas, chemicals, pharmaceuticals, or other similar industries. Preferred Skills 2+ years of leadership experienceAble to inspire, coach, mentor, develop, and lead multi-disciplinary teams.Process Computing – working in an OT group that supports process control networks and systems.Process Control - working with distributed control systems such as Honeywell TDC 3000, Honeywell Experion or Emerson DeltaV.Process Safety – skilful in associated maintenance practices to ensure work is being completed safely.Project Execution – awareness of capital planning and justification for projects opportunities. Why join us At bp, we provide the following environment and benefits to you: A company culture where we respect our diverse and unified teams, where we are proud of our achievements and where fun and giving back to our environment are highly valuedPossibility to join our social communities and networksLearning opportunities and other development opportunities to craft your career pathLife and health insurance, medical care packageAnd many other benefits. Here at bp, we’re on a mission, and we need YOU to help us achieve it. Engineering is the backbone of our integrated energy company – and key to turning our resources into products that meet the increasing demand for energy. We are looking for engineering experts who are passionate about upholding our standard of safety and reliability, and who are excited to work in a technically complex and innovative environment where hydrocarbons are converted, upgraded and blended into products that people all over the planet will use. Does that sound like you? If so, don’t waste any time! Apply today! We are an equal opportunity employer and value diversity at our company. We do not discriminate based on race, religion, color, national origin, gender, sexual orientation, age, marital status, veteran status, or disability status. We will ensure that individuals with disabilities are provided reasonable accommodation to participate in the job application or interview process, perform crucial job functions, and receive other benefits and privileges of employment. Don’t hesitate to get in touch with us to request any accommodations. Travel Requirement Up to 10% travel should be expected with this role Relocation Assistance: Relocation may be negotiable for this role Remote Type: This position is a hybrid of office/remote working Skills: Agility core practices, Agility core practices, Analytical Thinking, Asset Life Cycle Management, Automation system digital security, Capital Planning, Chemicals, Commercial acumen (Inactive), Commissioning, start-up and handover, Communication, Competency Management, Creativity and Innovation, Digital fluency, Earthing and grounding systems, Electrical operational safety, Emerson DeltaV, Factory acceptance testing, Financial Management, Fire and gas philosophy, Functional Safety, Hazard Identification, Hazard identification and protection layer definition, Honeywell Experion, Honeywell TDC 3000, Instrument and protective systems {+ 14 more} Legal Disclaimer: We are an equal opportunity employer and value diversity at our company. We do not discriminate on the basis of race, religion, color, national origin, sex, gender, gender expression, sexual orientation, age, marital status, socioeconomic status, neurodiversity/neurocognitive functioning, veteran status or disability status. Individuals with disabilities may request a reasonable accommodation related to bp’s recruiting process (e.g., accessing the job application, completing required assessments, participating in telephone screenings or interviews, etc.). If you would like to request an accommodation related to the recruitment process, please contact us to request accommodations. If you are selected for a position and depending upon your role, your employment may be contingent upon adherence to local policy. This may include pre-placement drug screening, medical review of physical fitness for the role, and background checks.",,,"Chicago, IL",1389.0,4.0,,,Full-time,,1713210718000.0,0,https://www.linkedin.com/jobs/view/3901639780/?trk=jobs_biz_prem_srch,https://bpinternational.wd3.myworkdayjobs.com/bpCareers/job/United-States-of-America---Indiana---Whiting/OT-and-DCS-Team-Lead_RQ077653/apply,OffsiteApply,1715803426000.0,,Mid-Senior level,,1713211426000.0,bpinternational.wd3.myworkdayjobs.com,0,FULL_TIME,,,,60601.0,17031.0,Associate,0.45521181161064467,0.29932308224596227,0.07445823887507785,0.0003518316714082743,5.353402965416669e-06,0.17064968219394142
3905332350,Tyson Foods,Production Supervisor - 2nd Shift,"Job Details: SUMMARY: This position is responsible for maintaining high production, quality, and yields while ensuring the safest working environment possible. This position requires an essential understanding and control of the production process, accurate record keeping, and general line maintenance and staffing. Specific responsibilities include checking daily production orders to ensure fulfillment of customer orders, ensuring every position is filled before start-up of production line, overseeing Team Member morning exercises and job rotation in order to facilitate ergonomics, and ensuring all machinery is performing to the highest standard possible. Other responsibilities include ensuring all workstations have passed USDA Inspection, promoting safety on a daily basis as well as through monthly safety meetings, and ensuring accurate shipments, rotation of inventory, and proper coding of products. Additionally, this position is responsible for knowing and communicating company benefits and compensation policies to Team Members, providing encouragement to Team Members in order to build the best team possible, and the critical ability to perform the human relations functions such as training, retaining, and counseling on personal and professional problems. Other duties include overseeing various processing operations and working with other supervisors in solving problems, keeping records of reworked or returned product, providing continuous education on the importance of quality, and performing other responsibilities as the need arises. REQUIREMENTS: Education: High school diploma;education beyond high school including special training, vocational school and/or college courses is preferred. Computer Skills: Basic computer skills helpful. Communication Skills: Strong communication skills. Supervisory: This position is responsible for supervising a group of Personnel Who Perform Somewhat Identical And Related Tasks Or activities. Travel: 1-5 trips per year. Relocation Assistance Eligible: No Work Shift: 2ND SHIFT (United States of America) Hourly Applicants ONLY -You must complete the task after submitting your application to provide additional information to be considered for employment. Tyson is an Equal Opportunity/Affirmative Action Employer. All qualified applicants will be considered without regard to race, national origin, color, religion, age, genetics, sex, sexual orientation, gender identity, disability or veteran status. We provide our team members and their families with paid time off; 401(k) plans; affordable health, life, dental, vision and prescription drug benefits; and more. CCPA Notice. If you are a California resident, and would like to learn more about what categories of personal information we collect when you apply for this job, and how we may use that information, please read our CCPA Job Applicant Notice at Collection, click here.",,,"Nashville, AR",166551.0,4.0,,,Full-time,,1713479522000.0,0,https://www.linkedin.com/jobs/view/3905332350/?trk=jobs_biz_prem_srch,https://tysonfoods.wd5.myworkdayjobs.com/TSN/job/Nashville-Plant---Nashville-Arkansas/Production-Supervisor---2nd-Shift_R0315237-1?source=Linkedin1,OffsiteApply,1716072275000.0,,,,1713480275000.0,tysonfoods.wd5.myworkdayjobs.com,0,FULL_TIME,,,,71852.0,5061.0,Entry level,2.661876984937004e-06,2.5941923176064837e-06,0.9990188555251075,2.6091241539253814e-06,5.68012068479908e-05,0.0009164780745879512
3901345579,FlexTrade,Associate Software Developer (Java/Scala),"Responsibilities:You will work in a fast-paced, financial software development environment and be expected to:Design and implement new features on the product roadmap using technologies including Scala, Akka, and GRPC.Be proactive and resourceful in gathering requirements from Project Managers and other sources.Identify and implement performance enhancements in the core product.Implement bug fixes and assist with production support as needed. Required Skills:While we believe a great developer will pick up and grow skills as needed, minimum requirements for this job include:A Bachelor’s degree (or higher) in CS or a related field.Work experience in one or more programming languages (Java, Scala, C++, etc.).A firm understanding of object-oriented design and development practices.Excellent communication skills to articulate ideas, problems, and solutions.Motivation and determination to achieve, learn and grow. Desirable Skills:Experience with functional programming concepts (Scala is a plus).Knowledge of SQL and relational databases. **FlexTrade Systems, Inc. does not accept unsolicited resumes from search firm recruiters. Fees will not be paid in the event a candidate submitted by a recruiter without an authorized agreement for a particular SOW (Statement of Work) in place is hired: such resumes are deemed the sole property of FlexTrade Systems, Inc.** **FlexTrade Systems, Inc. is an equal opportunity employer and makes employment decisions without regard to race, color, religion, sex, sexual orientation, gender identity, national origin, protected veteran status, disability status, or any other status protected by law.**",,,"Milwaukee, WI",49161.0,5.0,,,Full-time,3.0,1713449437000.0,0,https://www.linkedin.com/jobs/view/3901345579/?trk=jobs_biz_prem_srch,,ComplexOnsiteApply,1716041437000.0,,Associate,,1713449437000.0,,0,FULL_TIME,,,,53202.0,55079.0,Associate,0.9644523790993584,1.2367825242129282e-07,0.025407258712165853,3.4267096427200396e-06,2.7028267236578216e-05,0.010109783533343748
3902801404,Selby Jennings,Senior Information Technology Project Manager,"My client, a top-tier Quantitative Asset Manager, is seeking an individual Senior IT Project Manager to join their growing organization. This individual will be in charge of managing mid to large size projects with a focus on implementing new systems, new platforms, and new technologies internally. The ideal candidate will have 5-10 years of experience supporting IT business projects and IT operational projects within a financial organization. This is a hybrid model in Boston, MA. Responsibilities: Scoping, planning, and executing IT projectsCreate and maintain project plans, which include tasks, dependencies, milestones, etc. Collaborate with multiple IT and business teams to achieve project objectives and timelinesServe as a scrum master for investment systems teams Qualifications: 5-10 years of experience supporting IT business projects and IT operational projects Financial services industry experience is highly preferredHands-on project management capabilities, e.g. waterfall, agile, etc. is preferred Agile Scrum Master Certification. PMP Certification and/or SAFE certification preferred",,,"Boston, MA",106584.0,6.0,,,Full-time,,1713549690000.0,0,https://www.linkedin.com/jobs/view/3902801404/?trk=jobs_biz_prem_srch,,ComplexOnsiteApply,1716141690000.0,,Mid-Senior level,,1713549690000.0,,0,FULL_TIME,,,,2108.0,25025.0,Mid-Senior level,0.03662761373899674,2.5595141075984934e-05,6.572600113937895e-06,7.439830926977163e-08,1.3078060315600587e-08,0.9633401310434437
3887904097,Synovus,Institutional Sales Broker,"Job Summary: Responsible for selling a broad range of fixed income products including U.S. Treasuries, Agencies, Municipals, Mortgages, and Corporate securities to institutional investors including but not limited to Banks, Money Managers, Insurance Companies, Credit Unions, Thrifts, Mortgage Bankers, and Corporations. Job Duties and Responsibilities: Utilizes existing institutional relationships to open new accounts for the firm.Builds strategic relationships with new clients.Introduces and presents all company products and services.Conducts trades and/or interacts with execution traders.Utilizes in-house resources to service the needs of clients.Each team member is expected to be aware of risk within their functional area. This includes observing all policies, procedures, laws, regulations and risk limits specific to their role. Additionally, they should raise and report known or suspected violations to the appropriate Company authority in a timely fashion.Performs other related duties as assigned. The information on this description has been designed to indicate the general nature and level of work performed by employees within this classification. It is not designed to contain or be interpreted as a comprehensive inventory of all duties, responsibilities, and qualifications required of employees assigned to this job. Synovus is an Equal Opportunity Employer supporting diversity in the workplace. Required Education: Bachelor's Degree Required Experience: 3+ years investment sales experience Required Certification(s): Valid Series 7 and Series 63 licenses Required Skills: Experience calling on and selling to Institutional InvestorsEstablished institutional contacts and experience with fixed income productsProven ability to open and maintain client accounts and manage relationshipsStrong relationship building skillsExcellent presentation and phone skills",,,"Birmingham, AL",19180.0,5.0,,,Full-time,,1712534400000.0,0,https://www.linkedin.com/jobs/view/3887904097/?trk=jobs_biz_prem_srch,https://careers.synovus.com/us/en/job/SYNOUS23318EXTERNALENUS/Institutional-Sales-Broker?utm_source=linkedin&utm_medium=phenom-feeds,OffsiteApply,1715228417000.0,,Mid-Senior level,,1712636417000.0,careers.synovus.com,0,FULL_TIME,,,,35203.0,1073.0,Mid-Senior level,0.0002950534212256964,4.0787657399032835e-05,0.040758750003906455,7.293851869567151e-06,4.1934555758217025e-06,0.9588939216100235
3902369694,Daikin Comfort,Technical Trainer,"HVAC Technical Trainer (Engineering Labs) The OpportunityDaikin Comfort Technologies Manufacturing, L.P. is seeking a skilled individual for our Technical Trainer Engineering Lab position at our DTTP - Waller, TX location. This is a high knowledge Subject Matter Expert in Mechanical, Refrigeration and Electrical Maintenance, who will drive the training program as it is tailored to various degrees of difficulty based on student needs. The successful individual will Manage and Supervise as an approved Trainer for Electrical Training and the PM Maintenance ""Dojo"" and manage the day-to-day Mechanical/Electronics/Refrigeration Training program for the company. Trainees include those with responsibility for Maintenance PM, Operator PM, and Machine Set- up. Training history should include a background as an Electronics/Refrigeration Instructor, teaching in Electrical Engineering & Technology at a college level, or recommendation by a DIL Meister. The Technical Trainer should be able to demonstrate in-depth knowledge of Mechanical/Electrical/Refrigeration Training and teaching others, while also having solid practical experience in electrical design and problem solving. If you meet the qualifications listed below, then we invite you to apply for our open position by visiting our website at http://careers.daikincomfort.com and submit your resume. About DTTPDaikin Texas Technology Park- has a footprint of 4.23 million square feet under a single roof, and is the third largest factory in the United States. Opened in 2017 as the manufacturing, logistics, and engineering center for Daikin's American subsidiary Goodman, the plant makes heating and air conditioning products sold under the Goodman, Amana, and Daikin brands. Why work with us? > Benefits are effective on day one for all full-time direct hires > Training programs are available to help guide team members and develop new skills > Growth Opportunities - there are immense opportunities to grow your career > You will be part of a Global Company - our family brands are backed by Daikin Industries, Ltd. Responsibilities May include:Manage, lead and supervise technical training classes.Develop new classes to maintain personnels technical knowledge as industry technical advancements are made.Provide daily support to Trainees.Update and maintain training records and materials.Perform audits of trained employees to ensure they are correctly, safely and efficiently performing work. Provide feedback to the manager and identify if further training or action needs to be taken.Manage Daily Activities in DOJOEnsure DOJO equipment is up to date and functional for trainingEnsure 5-S is occurring in DOJOIdentify and implement continuous improvement processesFollow all safety requirements, work processes and policiesPerform additional work/projects as needed.Nature & Scope:Works within knowledgeQualifications Knowledge & Skills:Strong Presentation and Training SkillsEffective Skills and Technical TrainingIndustrial equipment: PLC/SMT/Process automation equipment- MPLC Allen Bradley controllers (RsLogiX500 and RsLogiX5000); Beckhoff, Twin-cat, Omron, and Keyence: HMI (AB Panel View, Siemens); Factory Talk View; RSView32; Motor Controls ( Parker SSD Controllers…); Vision System (Coq-nex); PC Architecture and microcomputers in general is helpfulPractical experience should include the planning and implementation of electrical equipment installations, repairs, and PM schedules. Prior maintenance, control engineering, and electrical design experience in a world class industrial manufacturer is helpfulKnowledge of advanced HVAC System design and refrigeration cycle.Ability to understand the needs of the audience and effectively communicate in writingWillingness to develop new approaches while continually working to improve the programAbility to maintains integrity, fairness, and date driven decisions in employee training and observationsStrong ability to develop relationships a friendly non- competitive environment, results orientedExperience:5 years of experience of electrical and mechanical maintenance1 plus years of training experienceEducation:High school diploma or GED EquivalentTechnical College/Trade School education preferredPhysical Requirements/Work Environment:Must be able to perform essential responsibilities with or without reasonable accommodations. . Position will require support of multiple facilities until transition to DTTP is complete. Qualified Applicants must be legally authorized for employment in the United States. Qualified applicants will not require employer sponsored work authorization now or in the future for employment in the United States. The Company provides equal employment opportunity to all employees and applicants regardless of a person’s race, color, religion (including religious dress or grooming practices), creed, national origin (including language use restrictions), citizenship, uniform service member or veteran status, ancestry, disability, physical or mental disability (including HIV/AIDS), medical condition (including cancer and genetic characteristics), genetic information, request for protected leave, marital status, sex, pregnancy, age (over 40), sexual orientation, gender, gender identity or expression, political affiliation, or any other characteristic protected by law. The Company will comply with all federal and state regulations and statutes pertaining to individuals with disabilities.",,,Greater Houston,114685.0,2.0,,,Full-time,,1713540821000.0,0,https://www.linkedin.com/jobs/view/3902369694/?trk=jobs_biz_prem_srch,,ComplexOnsiteApply,1716132821000.0,,Associate,,1713540821000.0,,0,FULL_TIME,,,,,,Associate,0.835419232707463,0.0013470336647461918,0.0038353925317393574,0.00035099121502565254,0.0004883066851647251,0.158559043195861
3906233662,Labcorp,Medical Lab Technician - 1st Shift,"Are you an experienced Medical Lab Professional? Are you looking to embark on a new challenge in your career, or start your career in Medical Lab Science? If so, LabCorp wants to speak with you about exciting opportunities to join our team as a generalist Medical Laboratory Technician in Greensboro, NC! The shift for this position is: Monday-Thursday 7:30 am-5 pm, with an hour lunch, and Friday 8 am-12:30 pm Job Duties/Responsibilities Determine the acceptability of specimens for testing according to established criteriaPerform routine and complex technical procedures and functions according to departmental Standard Operating ProceduresMonitor, operate and troubleshoot instrumentation to ensure proper functionalityDemonstrate the ability to make technical decisions regarding testing and problem solving.Prepare, test and evaluate new reagents or controlsReport accurate and timely test results in order to deliver quality patient carePerform and document preventive maintenance and quality control proceduresIdentify and replenish testing bench supplies as necessaryAssist with processing of specimens when neededMaintain a safe work environment and wear appropriate personal protective equipment Requirements Associate's degree in Medical Laboratory Science is required.Minimum of 1 yr clinical lab testing experience in chemistry, hematology, and urinalysis required.Phlebotomy experience preferred.ASCP or AMT certification is preferred.Previous LabCorp experience preferredAbility to work independently and within a team environmentProficient with computers; Familiarity with laboratory information systems are a plusHigh level of attention detail along with strong communication and organizational skillsMust be able to pass a standardized color vision screenFlexibility to work overtime or other shifts depending on business needs Our U.S. Personal Choice Benefits We believe improving health and lives starts from within. Learn about our comprehensive U.S. Personal Choice Benefits program, including wellness tools and resources. Live your healthiest life We offer a range of medical, dental and vision plans as well as life insurance and short-/long-term disability coverage. As a U.S. employee, you are automatically enrolled in our No Charge Laboratory Testing program. Enjoy paid time off Our hourly team members enjoy competitive time off and paid holiday leave. Our salaried U.S. team members have the flexibility to request time away from work, without the limits of accrued hours or carryover limits. Reach your professional goals We're proud to support every step of your career with 100% tuition coverage, professional development programs, mentoring and career growth opportunities. Make your money go further We are proud to offer a $300 fitness reimbursement, discounts on products and services, such as WW (Weight Watchers), cell phone services, computers, auto/home insurance, identity theft protection, legal assistance and more. Promote inclusion and diversity Employee Resource Groups (ERGs) are an important part of our culture. Through our ERGs our employees build career development skills, experience developmental opportunities and partner with volunteer organizations to strengthen our bond with communities Invest in your wellbeing We offer solutions for maintaining mental health, including live and personal wellness coaching, free premium mental health app access and an Employee Assistance Program which provides 24/7 confidential guidance from professional advisors. Benefits: All job offers will be based on a candidate’s skills and prior relevant experience, applicable degrees/certifications, as well as internal equity and market data. Regular, full-time or part-time employees working 20 or more hours per week are eligible for comprehensive benefits including: Medical, Dental, Vision, Life, STD/LTD, 401(K), ESPP, Paid time off (PTO) or Flexible time off (FTO), Commissions, and Company bonus where applicable. For more detailed information, please click here. Labcorp Is Proud To Be An Equal Opportunity Employer As an EOE/AA employer, Labcorp strives for diversity and inclusion in the workforce and does not tolerate harassment or discrimination of any kind. We make employment decisions based on the needs of our business and the qualifications of the individual and do not discriminate based upon race, religion, color, national origin, gender (including pregnancy or other medical conditions/needs), family or parental status, marital, civil union or domestic partnership status, sexual orientation, gender identity, gender expression, personal appearance, age, veteran status, disability, genetic information, or any other legally protected characteristic. We encourage all to apply. For more information about how we collect and store your personal data, please see our Privacy Statement. 2415712",,,"Greensboro, NC",164664.0,3.0,,,Full-time,,1713484800000.0,0,https://www.linkedin.com/jobs/view/3906233662/?trk=jobs_biz_prem_srch,https://careers.labcorp.com/global/en/job/COVAGLOBAL2415712EXTERNALENGLOBAL/Medical-Lab-Technician-1st-Shift?utm_source=linkedin&utm_campaign=linkedin&source=Linkedin&utm_medium=phenom-feeds,OffsiteApply,1716156473000.0,,Entry level,,1713564473000.0,careers.labcorp.com,0,FULL_TIME,,,,27395.0,,Entry level,0.013339458439421671,0.00034240317670283674,0.575179566106826,0.0012736747462623284,0.014171167784757204,0.3956937297460301
3902742073,Gypsum Management and Supply,Inside Sales / CSR,"Gypsum Management & Supply, Inc. (GMS) is the leading North American distributor of gypsum wallboard, acoustical ceiling products and other specialty building materials. Founded in 1971, GMS now operates an expansive network of distribution centers nationwide. Valley Interior Products has several conveniently located yards in Kentucky and Tennessee. Many of our team members have worked at Valley Interior Products for over 10 years. We have several team members who started their careers in delivery and warehouse positions and later advanced into management. This is a testament to the great culture and work environment that Valley Interior provides. We really define our employees as “family” and truly care about the health and welfare of everyone who works for us. For more information about our family of companies, please visit gms.com or vipgms.com. Position Summary The primary function of Inside Sales is to provide product knowledge on building materials including drywall, insulation, metal studs for drywall, ceiling systems, stucco, construction tools, construction safety items, drywall compound, and accessories for the drywall industry. Duties & Responsibilities Taking orders at the sales counter and over the phone.Building relationships with customers.Ability to use company computer system to enter orders.Complete sales orders and tender cash sales.Develop product knowledge to assist customers with purchases.Collaborate with Outside Sales Reps and Sales Managers to determine necessary strategic sales approaches.Overcome objections of prospective customers.Emphasize product/service features and benefits, quote prices, discuss credit terms, and prepare sales order forms and/or reports. Basic Qualifications High school diploma or GED required, 4 year degree preferredAbility to self-manage, show initiative and be comfortable meeting the public.Must be a team player, demonstrate attention to detail and have good organizational skills. Core Competencies Strive to do the right thing by displaying trust and integrity.Embody the principles of servant leadership, even in a non-people management role, by putting the needs of others first, valuing diverse perspectives by sincerely appreciating and considering others’ opinions and ideas and demonstrating a positive and humble attitude.Demonstrated ability to work independently and on a team; ability to lead, execute and/or delegate as needed, while also collaborating with others to get the job done.Establish and maintain effective working relationships at every level of the organization; invest in building relationships with the Field Operations and Field Support Center team members.Help champion an inclusive working environment by:Empowering others to bring their full selves to the workplace.Celebrating, welcoming, and valuing the different backgrounds and experiences that make up our workforce.Recognizing that all team members are valued, regardless of race, background, tenure, or title.Ability to self-manage, show initiative, be proactive, and drive results.Communicate professionally, both verbally and in writing to coworkers and customers Physical Requirements Must be able to remain in stationary position in an office environment: 50%Will frequently move about inside the office to access files, office machinery, etc.Must be able to operate basic office machinery.Must be able to communicate with team and management and be able to exchange accurate information in these situations.Constantly working in office environment. Required Cognitive Skills Must be able to problem solve and prioritize tasks.Must be able to manage stress depending on deadlines and ongoing projects. Must be able to multitask.Must be able to receive and analyze information.Must be able to quickly communicate solutions if problems occur.Must be able to demonstrate a high degree of sound judgement and initiative. Benefits & Perks Medical, Dental, Vision, Disability & Life InsuranceWellness Benefits401(k) Retirement PlanEmployee Stock Purchase ProgramPaid Holidays & Vacation DaysProfessional Growth OpportunitiesDevelopment & Training Programs This job description is subject to change at any time. EQUAL OPPORTUNITY EMPLOYER Launch your career with a national building materials distributor and discover opportunities for growth and advancement. We value our team members and believe them to be our greatest assets. As such, we invest in training and strive to provide a work-life balance. Apply Now",,,Nashville Metropolitan Area,2491610.0,4.0,,,Full-time,,1713388774000.0,0,https://www.linkedin.com/jobs/view/3902742073/?trk=jobs_biz_prem_srch,https://us232.dayforcehcm.com/CandidatePortal/en-US/gms1/Posting/View/5813,OffsiteApply,1715981705000.0,,Mid-Senior level,,1713389705000.0,us232.dayforcehcm.com,0,FULL_TIME,,,,,,Entry level,0.10020024125414663,0.00208722744224575,0.6992799538509804,0.00013170212219503936,0.02085978518264974,0.17744109014778245
3901392421,NeoGenomics Laboratories,Supervisor Client Services,"Description NeoGenomics Laboratories Are you motivated to participate in a dynamic, multi-tasking environment? Do you want to join a company that invests in its employees? Are you seeking a position where you can use your skills while continuing to be challenged and learn? Then we encourage you to dive deeper into this opportunity. We believe in career development and empowering our employees. Not only do we provide career coaches internally, but we offer many training opportunities to expand your knowledge base! We have highly competitive benefits with HMO and PPO options. We have company 401k match along with an Employee Stock Purchase Program. We have tuition reimbursement, leadership development, and even start employees off with 16 days of paid time off plus holidays. We offer wellness courses and have engaged employee resource groups. Come join the Neo team and be part of our outstanding World Class Culture! NeoGenomics is looking for a Client Service Supervisor within the Client Services department in our Carlsbad, CA location who wants to continue to learn in order to allow our company to grow. Now That You Know What We're Looking For In Talent, Let Us Tell You Why You'd Want To Work At NeoGenomics As an employer, we promise to provide you with a purpose driven mission in which you have the opportunity to save lives by improving patient care through the exceptional work you perform. Together, we will become the world's leading cancer reference laboratory. Position Summary The Client Services Supervisor works under little or no supervision, and demonstrates proficiency in all Core Responsibilities of a Client Advocate Lead. This is an advanced level for the Client Services job category responsible for assisting with training, mentorship, daily support of department assignments, client complaint/VOC and client management. The Supervisor also supports and engages with the leadership team and Advocates to ensure Client Services daily assignments are completed on-time, service levels are met, and the department is delivering high-quality service to clients. Responsibilities Core Responsibilities: Must demonstrate proficiency in all Core Responsibilities of a Client Advocate Lead.Must remain visible, accessible and is required to be in the Client Services Queue during working hours.Helps to build, promote, and develop a strong service culture and dedication to personalized service to ensure client satisfactionIn the absence of the Manager, performs necessary Manager functions.Supervises and monitors Advocate activities for proper workload management; includes timely incident, email, fax handling and prioritization to meet customer expectations.Collaborates and aids the Workforce team as needed to ensure maximum adherence to schedules and assignments. Includes altering job assignments, breaks and lunch schedules as necessary to maintain an efficient workflow to meet or exceed service levels.As needed provides on the job training to employees on company and department policies, procedures, techniques and on equipment and systems (including new hire training and employee shadowing).Provides input for performance appraisals and disciplinary actions.Participates and actively engages in team huddles.Stays up-to-date on new test offerings and changes of procedures.Provides suggestions for internal system and workflow improvements that increase efficiencies and the quality work performed within the department.Continually evaluates CS SharePoint, guides and training presentation content to ensure it stays relevant and up-to-date.Supervises and maintains quality and productivity objectives along with other key indicators on a routine basis.Communicates daily production and quality performance trends to the CS Leadership team.Assist advocates with all escalated tasks and identifies appropriate client issues for escalation to Management and Sales.Responsible for VOC Client Complaint call escalation, documentation and resolution.Assesses and responds to situations where standard protocol has failed in resolving customer or sales issues and works to resolve issues with other departments. Escalates and problem solves interdepartmental issues to maximize client satisfaction.Assists Leadership in leading and implementing process improvements within the department, implementing and meeting departmental goals.Assist CS Leadership in reviewing customer surveys/VOC and implementing strategies for highest quality client service experience for clients.Timely coordination and completion of special projects assigned by Leadership.Reviews department activities to ensure compliance with departmental policies and federal, state and local regulations.Assists with the department’s annual competency testing and process and documentation.Assists with routine call auditing for training and quality purposes as needed.Standing, sitting, walking, bending, reaching, manual manipulation, and lifting up to 15 pounds.Other duties as assigned by the Supervisor of Client Services or Director of Marketing & Business Development Position Objectives Ensures the Client Services department meets or exceeds productivity and quality expectationsEnsures Client Services Advocates complete work assignments in a timely manner and provide support as needed.Maintains satisfactory results on all department specific competency assessmentsWorks productively and efficiently to achieve company and departmental goalsHelps ensure department schedules are adhered to and guides team member to meet department goalsProject a professional image through telephone and email communications to internal and external customersContinuously provide excellent customer service in an efficient and effective manner to assure customer satisfaction and quality patient careLives the NeoGenomics Laboratories core values, and adheres to safety and compliance policies and procedures; as well as works toward company critical success factors outlined on each year’s NeoGenomics Focus ChartMaintain positive and effective working relationships with Advocates, with other departments, and with other internal and external customersMentor team members, collaborate and engage with other to foster a culture of positivity, personal development, innovation and contagious improvement. Education: Bachelor’s degree preferred. At minim must have a high School Diploma or equivalent. Experience Two (2) or more years of experience equivalent to a Client Advocate Lead preferredExperience in leading or mentoring peers. Qualification Requirements Excellent typing and data entry skillsProficient with MS Office programs and database managementStrong knowledge of lab processes and testingHighly focused on service orientationAbility to adapt to changing procedures, policies, and work environmentExceptional interpersonal, customer service, problem-solving, verbal and written communication, and conflict resolution skills.Ability to maintain composure and a positive attitude under pressure or while handling stressful situationsExperience in mentoring peersStrong organizational skills, attention to detail, and follow up skillsAbility to work independently and as a team playerMust be willing to work in a fast paced, multi-tasking environment and maintain production and quality standardsAbility to handle stressful situations and demonstrate a potential for strong problem solving skillsMust be able to work in a biohazard environment and comply with safety policies and standards outlined in Safety Manual All qualified applicants will receive consideration for employment without regard to race, national origin, religion, age, color, sex, sexual orientation, gender identity, disability, or protected veteran status.",,,"Aliso Viejo, CA",442348.0,4.0,,,Full-time,,1713462385000.0,0,https://www.linkedin.com/jobs/view/3901392421/?trk=jobs_biz_prem_srch,https://jobs.jobvite.com/neogenomics/job/oBTvsfwb?__jvst=Job+Board&__jvsd=LinkedIn,OffsiteApply,1716055129000.0,,Entry level,,1713463129000.0,jobs.jobvite.com,0,FULL_TIME,,,,92656.0,6059.0,Entry level,0.03331203445809916,0.009822582273086626,0.7326407122727983,0.007310923197160057,0.001076290275605969,0.21583745752324987
3888936524,Actalent,Junior Level Construction Material Testing (CMT),"Description Industry leading Engineering & Materials Testing group is looking for inexperienced and experienced professionals to join their Field Engineering support group. Working to conduct field testing of construction materials (soil, concrete, asphalt, aggregate, etc.) to ensure compliance with industry standards and/or project specifications Opportunity to learn each day on a variety of high profile and exciting projects across the construction industry Impacting each office by performing testing that contributes to our company's success Reviewing plans and specifications in preparation of field observations on construction sites. Documenting field activities, observations, and testing results on projects. Daily use of Metafield®, and/or other field and laboratory information management system. Calibrating field and laboratory equipment to industry codes and standards. Communicating with management staff, general contractors, and clients. ﻿Skills Soil Testing, Concrete Testing, Material Testing, Report Writing Required Qualifications Additional Skills & Qualifications: High school diploma/GED2+ years of experience in construction testing/inspections of soil, concrete, masonry, and/or asphalt materials or equivalent experience and an associate degree in a related fieldEffective communication skills (speaking, reading, and writing) using the English languageAbility to routinely lift 40 to 50 lbs.Willingness to work outdoors in varying weather conditionsAbility to work and maneuver equipment, such as a loaded wheelbarrow, on uneven ground and around active construction sitesWillingness to travel out-of-town for short duration assignmentsAbility to complete data entry into multiple software applicants on a smart device Preferred Certifications American Concrete Institute (ACI): Field Testing Grade I; Strength Testing Technician; Laboratory TechnicianInternational Code Council (ICC): Special Inspector (Reinforced Concrete, Masonry, Soils).DOT Certifications in the fields of Aggregate, Conventional Density, Asphalt, and Concrete. About Actalent Actalent is a global leader in engineering and sciences services and talent solutions. We help visionary companies advance their engineering and science initiatives through access to specialized experts who drive scale, innovation and speed to market. With a network of almost 30,000 consultants and more than 4,500 clients across the U.S., Canada, Asia and Europe, Actalent serves many of the Fortune 500. Diversity, Equity & Inclusion At Actalent, Diversity And Inclusion Are a Bridge Towards The Equity And Success Of Our People. DE&I Are Embedded Into Our Culture Through Hiring diverse talentMaintaining an inclusive environment through persistent self-reflectionBuilding a culture of care, engagement, and recognition with clear outcomesEnsuring growth opportunities for our people The company is an equal opportunity employer and will consider all applications without regard to race, sex, age, color, religion, national origin, veteran status, disability, sexual orientation, gender identity, genetic information or any characteristic protected by law. If you would like to request a reasonable accommodation, such as the modification or adjustment of the job application process or interviewing process due to a disability, please email actalentaccommodation@actalentservices.com for other accommodation options.",,,"Raleigh, NC",71904349.0,5.0,,,Full-time,,1712534400000.0,0,https://www.linkedin.com/jobs/view/3888936524/?trk=jobs_biz_prem_srch,https://jsv3.recruitics.com/redirect?rx_cid=3374&rx_jobId=JP-004415877&rx_url=https%3A%2F%2Fars2.equest.com%2F%3Ficid%3Dlinkedin_recruitics%26response_id%3Dc787ee8fa5eefe7952e82b6ea9bee707%26rx_campaign%3DLinkedin1%26rx_ch%3Dconnector%26rx_group%3D125337%26rx_job%3DJP-004415877%26rx_medium%3Dpost%26rx_r%3Dnone%26rx_source%3DLinkedin%26rx_ts%3D20240409T004803Z%26rx_vp%3Dslots,OffsiteApply,1715224770000.0,,Entry level,,1712632770000.0,jsv3.recruitics.com,0,FULL_TIME,,,,27601.0,37183.0,Entry level,2.4999980356321982e-06,0.01821401144203074,0.9704960701485449,9.150451533922973e-05,1.674891914362564e-05,0.011179164976905817
3895857461,Summit Polymers,Production Operator - Starting at $17.29,"Summit Polymers is a leading Tier 1 Automotive Supplier of automotive interior systems . As a world-class automotive supplier of injection molded interior trim, we specialize in the engineering, manufacturing, and assembly of feature based registers, consoles and trim panels. JOIN A TEAM WHERE YOU’LL BE CHALLENGED AND INVESTED IN. A career with Summit Polymers means working with smart people in a culture that thrives on challenging, meaningful work. At Summit, we look for growth potential with every hire. We don’t just fill seats, we set people on career paths. We’re always on the lookout for smart people who are committed to continuous improvement, customer service and quality. SUMMARY Under the direct supervision of the department supervisor, the Production Operator/Associate is assigned to standardized work of routine nature involving molding machine operation and/or assembly of molded part. Work generally involves the use of simple hand tools, trimming, retrieving, counting, weighing, packing and general overall inspection of part. Responsibilities include; distribution within the plant, placement and removal of parts from fixtures, monitoring and recording quality assurance, including charting of machine factors affecting quality. Production Operators/Associates are required to perform continuous visual and manual quality checks in accordance with standardized guidelines. RESPONSIBILITIES AND DUTIES PHYSICAL REQUIREMENTS: p Must be able to stand for entire work shift. p Must be able to lift up to 30 pounds. RESPONSIBILITIES AND DUTIES: p Reads, understands, and follows Operator Instruction Sheet to determine part number(s), inspection procedures, packing requirements, and any special instruction. p Retrieves, separates, inspects, counts, weighs, packs, and labels parts in accord with written and/or oral instructions. p Utilizes clippers, knives, screwdrivers, and other simple hand tools to trim, cut, and prepare parts for other operations per safety procedures. p Operates molding machines and/or air activated tools and equipment to assemble, decorate, or produce product. Advises supervision of machine malfunctions and unacceptable variances in product quality, e.g., flash, splay, contamination, underfill, etc. p Compares, inspects, and monitors production quality to approved samples and accepts, rejects, or questions in accord with established standards. p Performs simple clerical tasks involving recording and summarizing production as required. p Examines, repairs, trims, counts, weighs and performs secondary operations as directed. p Performs tasks in accord with standard levels of performance required to meet production rate established for specific part(s) being worked. p Performs routine cleaning chores to maintain cleanliness of work station and area per 5S requirements. p Interface with the production monitoring system. p Assist in color changes / mold changes by cleaning work area or equipment. Set up for next job (i.e., sample board, OIS, packaging). p Assist with breaks for other operators. p Other tasks as directed by supervisor. EDUCATION AND EXPERIENCE High School Diploma or GED SKILLS AND ABILITIES: Possesses the ability to gather and analyze information and make decisions from a limited number of choices. A minimum score of 10 on the Wonderlic Contemporary Cognitive Ability Test. TRAVEL REQUIREMENTS This position typically does not require any travel. DISCLAIMER The information contained in this job description is not intended to be an all-inclusive list of the duties and responsibilities of the job, nor are they intended to be an all-inclusive list of the skills and abilities required to do the job. Management may, at its discretion, assign or reassign duties and responsibilities to this job at any time. Agreement to complete all post-hire required training. Apply Now",,,"Sturgis, MI",33521.0,2.0,,,Full-time,,1712903986000.0,0,https://www.linkedin.com/jobs/view/3895857461/?trk=jobs_biz_prem_srch,https://globalus232.dayforcehcm.com/CandidatePortal/en-US/spidf/Posting/View/3105,OffsiteApply,1715496684000.0,,Entry level,,1712904684000.0,globalus232.dayforcehcm.com,0,FULL_TIME,,,,49091.0,26149.0,Entry level,2.6897098201841715e-05,1.676953058006032e-07,0.996607266204654,1.561803942926589e-07,0.0033446024422612674,2.091037918275399e-05
3905850001,YourEliteMortgage,Mortgage Loan Officer,"At Your Ellte Mortgage, we help customers reach their dreams of becoming homeowners every day. We are searching for a qualified mortgage loan officer to guide customers through our mortgage application process. The loan officer will meet with clients to understand their goals and recommend plans that best fit their needs. The loan officer will gather and evaluate all necessary financial information, submit applications, and provide updates throughout the process. Our talented employees provide truly rewarding experiences for our customers, and we are committed to providing the same for them. Objectives of this roleHelp qualified borrowers successfully obtain mortgagesEducate customers on mortgage rules and regulations, interest rates, and the application processAdvise customers, ensuring each is paired with a mortgage that best meets their needsWork as a cohesive team with loan processors and underwriters, collecting all documentation and information they need to process applicationsEnsure all deadlines are met, addressing and resolving all application issues in a timely mannerCreate positive, lasting relationships with our clients and build a referral network ResponsibilitiesMeet with potential customers to evaluate their financial background and homeownership goalsRecommend the mortgage plans that best align with customers’ backgrounds and needs, drawing on research and personal expertiseCollect the financial documents and information needed to complete a mortgage application, performing research and conducting interviews as needed, and ensure that all information is complete and accurateResolve any application issuesKeep an open line of communication with applicants throughout the process, providing updates and answering any questions that ariseInform customers when their applications have been approved or denied Skills and qualificationsExcellent communication skills, both verbal and writtenEnthusiasm for providing customers with the best possible serviceUnderstanding of legal regulations as they pertain to mortgagesAbility to make sound mortgage recommendations based on research, personal expertise, and customers’ financial backgroundsAbility to work collaboratively with loan processors and underwritersAbility to handle sensitive and/or confidential information professionally and discreetly Preferred qualificationsBackground in finance or accountingMortgage loan originator licenseWorking knowledge of loan origination softwarePrevious success in a customer service-oriented role",,,"Fair Lawn, NJ",31534680.0,2.0,,,Full-time,,1713534421000.0,1,https://www.linkedin.com/jobs/view/3905850001/?trk=jobs_biz_prem_srch,,ComplexOnsiteApply,1716126421000.0,,Entry level,,1713534421000.0,,0,FULL_TIME,,,,7410.0,34003.0,Entry level,0.0007407718889174452,3.4360645024724747e-07,0.9991148082923887,1.0240561469671024e-05,3.498661940250821e-07,0.00013348578457990452
3886441957,Petco,Stocker / Cashier,"Create a healthier, brighter future for pets, pet parents and people! If you want to make a real difference, create an exciting career path, feel welcome to be your whole self and nurture your wellbeing, Petco is the place for you. Our core values capture that spirit as we work to improve lives by doing what’s right for pets, people and our planet. We love all pets like our ownWe’re the future of the pet industryWe’re here to improve livesWe drive outstanding results togetherWe’re welcome as we are Petco is a category-defining health and wellness company focused on improving the lives of pets, pet parents and Petco partners. We are 29,000 strong, working together across 1,500+ pet care centers, 250+ Vetco Total Care hospitals, hundreds of preventive care clinics, eight distribution centers and two support centers. Purpose Statement Responsible for the efficient execution of merchandising to ensure consistency with product sets and signage displays in the store and when necessary across a group of stores in a Market or District. Reduce time spent on merchandising processes due to an increased familiarity of sets. Assist in the receiving of merchandise to and from the store and to ensure that all merchandise is accurately stocked and priced, and provide guest service, as necessary. This job is composed of a variety of different tasks which may be covered by operational guidelines, and while individual judgment may occasionally be required in order to complete assigned tasks, most questions are directed to the Merchandise Operations Leader, Store Leader and/or the Leader on Duty. Key Accountabilities Interact professionally and effectively through verbal and written communication with all professional contacts with emphasis on company interestsKnowledge of the store product and strong merchandising and organization skills.Ability to be diligent in completion of time keeping, mileage calculations and expenses.Access to reliable transportation, proper liability insuranceMove merchandise up to 50 poundsAssist with the unloading, pricing and stocking of merchandise according to operational guidelines in order to ensure that the store is well stocked and that supply counts are accurate.Verify that all pricing and inventory information is accurate, ensure that all merchandise is properly priced, that all SKU information is correct and that all required inventory control paperwork is competed accurately and in a timely manner.Adhere to and promote established safety procedures.Perform routine housekeeping tasks as required to maintain the professional image and appearance of the store, to include sweeping/mopping the floors, dusting, washing the windows, facing the merchandise on the shelves, bathroom maintenance, etc.Participate in the completion of quarterly and annual physical inventory counts.May travel to a designated store group following a scheduled timeline to complete projects (such as; Category Reviews, Action Memos, Recalls, Resets, etc.)Complete projects following policies & procedure; cleaning, planogram sets, proper labeling, signage & fixture needs of project, disposal of RTV items as a result of set, appropriate hazardous waste storage and clean up.Analyze on-site/actual conditions in comparison to written plan, identify necessary corrections and recommend alterations as necessary and troubleshoot resolution. Coordination with Store/Field partners and/or Support Center departments/partners to ensure actual fixturing, floor plan set-up, stocking and merchandising is completed according to scheduled plan and if changes are made that they are properly communicated for all assigned locations.Communicate with the Merchandise Operations Leader and the Store Leader upon completion of day on any remaining unfinished projects, blue dot program needs, screen correction information for the Store to complete at end of day, overall set changes (adds/deletes/moves), DMB, POGS and sign off of completion form. Special Projects as needed; Space Optimization, POG integrity, Ad promotions, etc. Nature Of Supervision General instruction provided on some, but not all tasks and work is generally checked upon completion. Supervisory Responsibility None Education and Experience While a high school diploma or its equivalent (GED) is generally preferred, an applicant must be able to demonstrate basic math proficiency and above average communication skills. Work Environment The majority of job duties are conducted indoors, although merchandise receiving, merchandise carry-outs, or stock balancing will require leaving the store briefly. Must be able to lift 50 lbs and pull 2000 lbs utilizing material handling equipment. Improper use of safety equipment and/or not following proper lifting techniques may pose of risk of injury to customers, pets, and store partners. Contacts The partner will work primarily with District and Store Leaders and some Support Center(s) contacts to set timelines for project completion. Petco Animal Supplies, Inc. is an Equal Opportunity Employer. All qualified applicants will receive consideration for employment without regard to race, color, religion, sex, sexual orientation, gender identity, national origin, disability, age, protected veteran status, or any other protected classification. To translate this webpage to Spanish or other languages on your internet browser click the translate button to the right of your browser address bar. Additional instruction can be found here: https://support.google.com/chrome/answer/173424?hl=en-GB&co=GENIE.Platform%3DDesktop Para Traducir Esta Página Web Al Español u Otros Idiomas En Su Navegador De Internet, Haga Clic En El Botón De Traducción a La Derecha De La Barra De Direcciones De Su Navegador. Puede Encontrar Instrucciones Adicionales Aquí https://support.google.com/chrome/answer/173424?hl=en-GB&co=GENIE.Platform%3DDesktop",,,"Austin, TX",7795.0,4.0,,,Part-time,,1712534400000.0,0,https://www.linkedin.com/jobs/view/3886441957/?trk=jobs_biz_prem_srch,,SimpleOnsiteApply,1715224273000.0,,Entry level,,1712632273000.0,careers.petco.com,0,PART_TIME,,,,78701.0,48453.0,Entry level,9.520615877184071e-05,1.4119113591874085e-07,0.9781597361790437,0.001004068052760222,0.0001553774498839094,0.020585470968404507
3901943273,DataAnnotation,Frontend Developer,"DataAnnotation is committed to creating quality AI. Join our team to help train AI chatbots while gaining the flexibility of remote work and choosing your own schedule. We are looking for a proficient Frontend Developer to join our team to train our AI chatbots to code. You will work with the chatbots that we are building in order to measure their progress, as well as write and evaluate code. In this role you will need to be proficient in at least one programming language (Python, JavaScript, HTML, C++, C# and SQL) and able to solve coding problems (think LeetCode, HackerRank, etc). For each coding problem, you must be able to explain how your solution solves the problem. Benefits: This is a full-time or part-time REMOTE positionYou’ll be able to choose which projects you want to work onYou can work on your own scheduleProjects are paid hourly, starting at $40+ USD per hour, with bonuses for high-quality and high-volume work Responsibilities: Come up with diverse problems and solutions for a coding chatbotWrite high-quality answers and code snippetsEvaluate code quality produced by AI models for correctness and performance Qualifications: Fluency in English (native or bilingual)Proficient in at least one programming language (Python, JavaScript, HTML, C++, C# and SQL)Excellent writing and grammar skillsA bachelor's degree (completed or in progress) Note: Data Annotation payment is made via PayPal. We will never ask for any money from you. PayPal will handle any currency conversions from USD.",,,Charlotte Metro,96139831.0,3.0,,,Contract,,1713468547000.0,1,https://www.linkedin.com/jobs/view/3901943273/?trk=jobs_biz_prem_srch,https://app.dataannotation.tech/worker_signup?projects=PROG_SA&worker_src=L&utm_medium=display&utm_source=linkedin&utm_campaign=softwaredeveloper,OffsiteApply,1716060547000.0,,,,1713468547000.0,,0,CONTRACT,,,,,,Entry level,0.1439677315093908,5.8755258465862586e-05,0.7378611724047068,2.389228134076302e-05,0.0008414780237045609,0.11724697052239129
